1.0,0.9998313525866728,1.0127070663266184,0.9990053244397636,1.0022061835090366,0.9536150777671083,0.9500115299762173,0.967330586789745,0.9926793255480181,0.9925244452704727,1.0009086309616002,0.9914402833276544,0.9787607512725998,0.9898260866572361,0.9693715646693996,1.007730246741491,1.007730246741491,1.0311860043297643,1.0091517035109638,0.9919531091355273,0.9668212027658177,0.9817551033051451,0.975711330696927,0.9607189198305267,1.0013870389300183,0.9940904569656546,0.9679501078999267,0.966521767562563,1.0042230689010727,0.9956358179571636,0.981345531015636
1.0,1.0128778855620348,0.9991738325220827,1.002375231499012,0.9537759296105308,0.9501717739881169,0.9674937521084483,0.9928467665870332,0.9926918601849238,1.0010774600857837,0.9916075153701575,0.978925844584128,0.9899930464237274,0.9695350742518021,1.0079002265075834,1.0079002265075834,1.0313599405159415,1.0093219230424995,0.9921204276793645,0.9669842821637327,0.981920701691578,0.9758759096448169,0.9608809699206191,1.0015559487500774,0.9942581360284753,0.9681133777168861,0.9666847964529875,1.0043924570909266,0.9958037576850787,0.9815110603171106,0.9837141735915566
1.0,0.9864701824027406,0.9896308782996137,0.9416494754264391,0.9380911435941531,0.9551928874146528,0.9802235597592434,0.9800706228610075,0.9883496069521717,0.9790000645733571,0.966479630504454,0.9774061222339663,0.9572082558736266,0.9950856276700233,0.9950856276700233,1.0182470712583989,0.996489248536054,0.9795064556364045,0.954689894949344,0.9694364105370125,0.9634684729080782,0.948664181158854,0.9888220120378333,0.9816169848320584,0.9558046350075958,0.9543942169460881,0.9916224565744174,0.9831429552166776,0.9690319774061222,0.9712070799588091,0.9502377319118132
1.0,1.0032040460555782,0.9545645598054144,0.9509574240847798,0.9682937248930263,0.9936677025267175,0.9935126680401574,1.0019052015792846,0.9924274266342358,0.9797352700011714,0.9908116227631969,0.9703367349048089,1.0087336094095598,1.0087336094095598,1.0322127210964038,1.0101564814751014,0.9929407630452908,0.9677838336927838,0.9827326034080026,0.9766828132213411,0.9616754749223105,1.002384085882215,0.995080238959822,0.9689138628392672,0.9674841003521005,1.0052229395916736,0.9966271386146118,0.982322623321321,0.9845275582412888,0.9632706075284746,0.9174561941445196
1.0,0.9515158591700207,0.9479202439660974,0.9652011758726321,0.9904941137684244,0.9903395744330123,0.9987053037899913,0.9892577990851271,0.9766061788260506,0.9876471557893869,0.9672376608926192,1.0055119029630342,1.0055119029630342,1.0289160267593445,1.0069302306413725,0.9897694959957142,0.9646929131694988,0.9795939393106858,0.9735634710221575,0.9586040633542591,0.9991826586260423,0.9919021388244021,0.9658193332142807,0.964394137121035,1.0020124455678117,0.9934440979710701,0.979185268623707,0.9813831613940135,0.9601941014052776,0.9145260106872535,0.9232832396939433
1.0,0.9962211715450969,1.0143826469845167,1.0409643772331902,1.0408019634027503,1.0495939654239002,1.0396650665896705,1.0263687876709857,1.0379723535568628,1.0165229003500922,1.0567473923557225,1.0567473923557225,1.0813440646767964,1.058237990399538,1.0402028368282386,1.0138484859421808,1.029508788392825,1.0231710398094345,1.0074493810228464,1.050095643700148,1.04244414768831,1.0150323023062764,1.0135344858699968,1.0530696213953152,1.0440646767964774,1.029079294041217,1.0313891796296966,1.0091204388782617,0.9611253473851373,0.9703287977767351,0.967372866062728
1.0,1.0182303648608992,1.0449129239230064,1.04474989403057,1.0535752455411325,1.0436086847835144,1.030261970922713,1.0419095510156762,1.0203787365545625,1.0607558065813356,1.0607558065813356,1.0854457780692188,1.0622520587052529,1.0441484948718043,1.0176941776591082,1.0334138821764853,1.0270520934849632,1.01127079989711,1.0540788267644363,1.046398307387428,1.0188824844306452,1.0173789865337308,1.0570640852392734,1.0480249834252942,1.0329827586831533,1.03530140604225,1.0129481963459566,0.9647710516877216,0.9740094122591233,0.9710422682167791,1.0096622382917366
1.0,1.0262048353525108,1.0260447243422106,1.034712067033143,1.0249239472701073,1.011816192560175,1.023255234740531,1.0021099073135151,1.041764067531266,1.041764067531266,1.0660119905356602,1.0432335308035794,1.0254540926153244,0.999473412677234,1.0149116720926508,1.0086637846684812,0.9931650388713953,1.035206632153849,1.0276636245574708,1.0006404440412018,0.9991638647239863,1.038138442653573,1.0292611766380244,1.0144882674209674,1.0167654017896852,0.9948124032662645,0.9474978207112486,0.9565707779616088,0.9536567575741403,0.9915852769030973,0.9840138051271102
1.0,0.9998439775327648,1.0082899937591014,0.9987518202621177,0.9859787809444561,0.9971257194369323,0.9765203522640594,1.0151619166493309,1.0151619166493309,1.0387906525206296,1.016593856181957,0.9992684279869636,0.9739511823035851,0.9889952153110049,0.9829068719228903,0.9678038970945151,1.0087719298245614,1.0014215380348104,0.9750884127314333,0.9736495388669302,1.0116288745579363,1.0029782955412248,0.988582622564316,0.9908016087649956,0.9694091949240691,0.9233028222730739,0.9321440954164066,0.9293044865127246,0.9662644754177936,0.9588863463005339,0.946068233825671
1.0,1.0084473342002602,0.9989076723016905,0.9861326397919377,0.9972813177286519,0.9766727351538795,1.0153203294321629,1.0153203294321629,1.0389527524924143,1.016752492414391,0.9994243606415258,0.9741031642826182,0.9891495448634591,0.983060251408756,0.9679549198092762,1.0089293454703077,1.001577806675336,0.9752405721716515,0.9738014737754659,1.0117867360208062,1.0031348071087993,0.9887368877329865,0.9909562201993932,0.969560468140442,0.9234469007368876,0.9322895535327264,0.9294495015171219,0.9664152579107066,0.9590359774599047,0.9462158647594279,0.9875266579973992
1.0,0.9905402477898015,0.9778722262913027,0.9889275164969688,0.968491563248983,1.0068154230754682,1.0068154230754682,1.030249887383902,1.0082355894378134,0.9910526080512773,0.9659435165794966,0.9808638600328048,0.9748255739982326,0.9598467733338836,1.0004779736667457,0.9931880155840047,0.9670713968866377,0.9656443532053464,1.0033114290724903,0.9947319736873776,0.9804546595555188,0.9826554016182332,0.9614388726698783,0.9157115789980433,0.9244801606541705,0.9216638985457909,0.9583200085278755,0.9510025411693505,0.9382898170977026,0.979254567399445,0.9628727936701156
1.0,0.9872109977088108,0.9983718669721585,0.977740748455183,1.0164306047351246,1.0164306047351246,1.0400888703742277,1.0178643338193432,1.0005172533499966,0.9751683677011734,0.9902312018329515,0.9841352496007777,0.9690133999861141,1.0100326320905366,1.0026730542248143,0.9763070193709644,0.9748663472887592,1.0128931472609872,1.0042317572727903,0.989818093452753,0.9920398528084428,0.9706207040199958,0.924456710407554,0.9333090328403805,0.9304658751648963,0.9674720544331042,0.9600847045754357,0.9472505727973339,0.9886065403041034,0.9720683191001874,0.9425501631604527
1.0,1.011305454750049,0.9904070667004247,1.0295981376768784,1.0295981376768784,1.053562888570062,1.031050440262188,1.0134786339212873,0.9878013615776295,1.0030593299012573,0.9968844065603285,0.9815666582271358,1.0231172813458238,1.015662362505978,0.9889547641151151,0.9874954285875037,1.0260148535741411,1.0172412580527188,1.002640869834304,1.0048914113708611,0.9831947843699889,0.9364327510057106,0.9453997524404308,0.9425197625678678,0.9800053450361493,0.9725222944270964,0.9595219005823276,1.0014136214026501,0.984661152839902,0.9547605986440487,0.8740329704335105
1.0,0.979335236499056,1.0180881877388375,1.0180881877388375,1.041785034997618,1.0195242549314827,1.0021488850485587,0.9767586607369495,0.9918460591604049,0.9857401657214587,0.9705936555733664,1.0116797813561622,1.0043082015779354,0.9778991693064109,0.9764561477932202,1.0145449614209068,1.0058694465403994,0.9914322770879479,0.9936576596625069,0.9722035807796489,0.9259643034726399,0.9348310621681485,0.9319832679047676,0.9690497964122661,0.9616503993518574,0.9487953378235063,0.9902187481527587,0.973653556613385,0.944087262814205,0.8642620944327187,0.886154295509943
1.0,1.0395706697721978,1.0395706697721978,1.0637675396239277,1.0410370391410555,1.0232950349372267,0.9973690564108391,1.0127748111117423,1.0065400783957281,0.991073964665114,1.0330270408453104,1.0254999147872523,0.9985336306311424,0.9970601601999658,1.0359526785207067,1.0270941032778504,1.0123522979037665,1.0146246378458217,0.9927178605919444,0.9455028972334261,0.9545567516900527,0.951648866670454,0.9894975288303131,0.981941998522979,0.9688156848264501,1.0111131625291143,0.9941984320854399,0.9640082656365393,0.8824987218087825,0.9048528659887519,0.8713287507811168
1.0,1.0,1.0232758296817206,1.0014105528479165,0.984343888002787,0.9594047671904725,0.9742241105490911,0.9682266994087975,0.953349294552807,0.9937054506084504,0.9864648403479592,0.9605250125515296,0.9591076289392164,0.9965197255398865,0.9879983469550161,0.973817680067488,0.9760035246744287,0.9549306165106406,0.90951286403705,0.9182220886428295,0.9154248906223852,0.9518328648567419,0.9445649315386638,0.9319382635513828,0.9726257116802657,0.9563548308873504,0.9273138360548238,0.8489069069274198,0.8704101532481993,0.8381621145314266,0.8148487156455244
1.0,1.0232758296817206,1.0014105528479165,0.984343888002787,0.9594047671904725,0.9742241105490911,0.9682266994087975,0.953349294552807,0.9937054506084504,0.9864648403479592,0.9605250125515296,0.9591076289392164,0.9965197255398865,0.9879983469550161,0.973817680067488,0.9760035246744287,0.9549306165106406,0.90951286403705,0.9182220886428295,0.9154248906223852,0.9518328648567419,0.9445649315386638,0.9319382635513828,0.9726257116802657,0.9563548308873504,0.9273138360548238,0.8489069069274198,0.8704101532481993,0.8381621145314266,0.8148487156455244,0.8642624652911784
1.0,0.9786320792502203,0.9619536193960109,0.9375817735173961,0.9520640303329685,0.9462030386371526,0.9316640410135911,0.9711022402606072,0.964026327734907,0.9386765373421271,0.9372913940882753,0.973852500600785,0.9655249526047369,0.9516668446770447,0.9538029692131051,0.9332093936076473,0.8888247309818161,0.8973358521801821,0.8946022803129423,0.9301821046166993,0.9230794905342982,0.9107400336439615,0.9505019892659743,0.9346012122506742,0.9062207951723587,0.8295973405249526,0.8506114656484474,0.8190969533523804,0.7963138500974608,0.8446036153907773,0.8178586686603829
1.0,0.9829573746785537,0.9580533822636645,0.9728518515992169,0.9668628882082905,0.9520064391588168,0.9923057509055068,0.9850753395223837,0.9591720496852042,0.9577566625512438,0.9951160617449847,0.9866066860841866,0.9724459936017681,0.9746287593023335,0.9535855337203194,0.9082317551482575,0.916928712236448,0.9141354542540058,0.9504921454540495,0.9432344494996692,0.9306255670074964,0.9712557041806785,0.9550077419970942,0.9260076533222377,0.8477111655286726,0.8691841231079855,0.8369815078818306,0.8137009474567369,0.8630450945751451,0.8357161858897839,0.8819805870275506
1.0,0.9746642193685833,0.9897192662269394,0.983626465516344,0.968512433685277,1.0095104594235433,1.002154686356082,0.9758022823714734,0.9743623550964751,1.0123694957478773,1.0037125835765017,0.989306371417964,0.9915269821553109,0.9701189067655762,0.9239787792886411,0.9328265251952574,0.9299848373923091,0.9669718849862426,0.9595883542845642,0.9467608575721091,0.9880954446252546,0.9715657734491289,0.9420628779809097,0.8624088768914225,0.8842541350200722,0.8514931872356518,0.8278089858401368,0.8780086673212841,0.8502059269488461,0.8972724654677682,0.883119541721459
1.0,1.015446393290306,1.009195214074409,0.9936883025342907,1.035752046050828,1.0282050643095402,1.001167646231671,0.9996902889568432,1.0386854012181965,1.029803458083992,1.0150227655416204,1.017301099652198,0.9953365348674115,0.9479970239260679,0.9570747613979003,0.9541592057157707,0.9921077082450775,0.9845322473274072,0.9713713079417743,1.0137803614719463,0.9968210119363347,0.9665512073390837,0.8848266508132584,0.9072397626260648,0.8736272147009507,0.8493273574528225,0.9008319479400655,0.8723064928962253,0.9205964963493255,0.9060756762914416,1.0343494466140037
1.0,0.9938439101687666,0.9785728809518802,1.019996774713756,1.012564593368531,0.9859384531246713,0.9844835685688843,1.0228855093498244,1.0141386732855149,0.9995828162358105,1.001826493623048,0.9801960413117098,0.9335766321000118,0.942516284189787,0.9396450782833063,0.977016329764484,0.9695561024519186,0.9565953597947036,0.9983593109105825,0.9816579373593319,0.9518485798223288,0.8713671707929296,0.8934393470898803,0.8603380941362894,0.8364078725030325,0.8871290044382744,0.859037462400875,0.9065929057725612,0.8922929681748386,1.0186155108222377,1.0201790735014689
1.0,0.9846343786376944,1.0263148611943984,1.0188366432678402,0.9920455747998165,0.9905816783660798,1.029221489294155,1.0204204733853046,1.005774454125366,1.008032029348478,0.9862675932131644,0.9393594130304419,0.9483544393100285,0.9454654485167026,0.9830681858266606,0.9755617482098133,0.9625207238350559,1.0045433701365127,0.9877385445694733,0.9577445412536597,0.8767646125083777,0.8989735087657412,0.8656672193022681,0.841588768563265,0.892624078450739,0.8643585311651204,0.9122085435112349,0.8978200289251825,1.02492504144767,1.0264982891812762,1.0438004867896575
1.0,1.0423309234991078,1.034736004929532,1.0075268509031503,1.0060401097680682,1.0452829107167165,1.036344551362428,1.0214699749940888,1.0237627805999985,1.0016587015555252,0.9540185000752326,0.963153897411279,0.9602198227374666,0.9984093661109001,0.9907857874712502,0.9775412525883626,1.0202196794371163,1.0031526077081256,0.9726905357283598,0.8904468821426268,0.9130023572907635,0.8791763095860768,0.8547221047955462,0.9065538415241425,0.877847198836401,0.9264439301554092,0.911830876926494,1.0409194150479697,1.042517213954588,1.0600894194186306,1.1578919085457164
1.0,0.9927135246605947,0.9666093830555078,0.9651830211376524,1.0028321017356934,0.9942567451452139,0.9799862519333219,0.9821859426018217,0.9609795497508162,0.915274102079395,0.9240384945866986,0.921223577934353,0.9578621756315518,0.9505482041587902,0.9378415535315346,0.9787867331156557,0.9624127857020106,0.93318783296099,0.8542842412785702,0.8759236982299364,0.8434713868362261,0.8200103110500087,0.8697370682247809,0.8421962536518302,0.8888193847740161,0.8747997937789999,0.9986458154322049,1.0001787248668157,1.0170372916308645,1.1108678467090567,1.1560680529300567
1.0,0.9737042550981545,0.9722674237440708,1.0101928470034274,1.0015545476577916,0.9871793096285011,0.9893951459335941,0.9680330990548072,0.9219921753280476,0.9308208981061523,0.9279853200844788,0.9648928435411833,0.9575251878267492,0.9447252709206108,0.9859709863933802,0.9694768548973444,0.9400373922376485,0.8605546515251186,0.8823529411764706,0.8496624311878959,0.8260291520963888,0.8761209015683966,0.8483779385797873,0.895343281515078,0.8812207873143371,1.0059758335352975,1.0075199944604092,1.0245023023924107,1.1190215697815324,1.1645535436069658,1.1842814112107467
1.0,0.9985243657439508,1.0374739986132593,1.0286024143509875,1.013838960300105,1.0161146372250964,0.9941756893700997,0.9468913897630096,0.9559585400110228,0.9530463846960727,0.9909506284779633,0.9833840027023664,0.9702384127153448,1.0125980052269454,0.9956584351165395,0.9654239337209096,0.8837946912724234,0.9061816630220279,0.8726083168880118,0.8483368001848989,0.8997813216704891,0.8712891354205557,0.9195228189947908,0.905018934343165,1.0331431009653849,1.0347289633224883,1.0521698935054316,1.1492417373371024,1.1960033424004837,1.2162639785232991,1.1989866126193396
1.0,1.0390071932198561,1.03012249839755,1.0153372266932554,1.0176162666476747,0.995644897087102,0.9482907200341856,0.9573712698525746,0.9544548109109039,0.9924150701516987,0.9848372623032547,0.9716722455665552,1.0140944377181114,0.9971298340574033,0.9668506516629871,0.8851007762979846,0.9075208318495834,0.8738978705220426,0.8495904850081905,0.9011110319777794,0.8725767395484653,0.920881703582366,0.9063563848728724,1.0346698953066022,1.036258101274838,1.053724805925504,1.150940103981198,1.1977708140445837,1.2180613916387721,1.20075849298483,1.1889573392208532
1.0,0.9914488611048278,0.977218669244004,0.9794121477581965,0.9582656439573094,0.9126892732046036,0.9214289141595893,0.9186219471234587,0.9551570736254773,0.9478637575657872,0.9351929918361472,0.9760225379917334,0.959694832301713,0.9305524138545588,0.8518716540884383,0.873449998971807,0.8410893362671109,0.8176945169891767,0.8672808406506406,0.8398178041909149,0.8863092667612605,0.8723292685434618,0.9958255362026774,0.9973541165422554,1.0141650729674339,1.1077306408384573,1.1528031969949344,1.1723320103916046,1.1556787102346338,1.1443206043033307,1.141119496596681
1.0,0.9856470742777733,0.9878594713062476,0.966530581203613,0.9205611191963468,0.9293761386066738,0.9265449617842982,0.9633951997898224,0.9560389796701454,0.9432589299603498,0.9844406265231835,0.9679720961424784,0.9385783274969839,0.8592189547115414,0.8809834104791568,0.8483436405684478,0.8247470435116272,0.874761043836573,0.8470611416660041,0.893953588058587,0.8798530138724208,1.0044144234458776,1.0059561876250955,1.0229121367261365,1.1172846974719908,1.1627459995367793,1.182443246830914,1.1656463137662947,1.1541902454032267,1.150961528489797,1.1946667404132343
1.0,1.0022446138036736,0.980605133852634,0.9339662676631816,0.942909650787193,0.9400372465603047,0.9774240952277407,0.9699607543305264,0.956994602405244,0.9987759840351844,0.9820676400340901,0.9522458413268474,0.871730842747267,0.8938122310409046,0.8606971630185847,0.8367569539187801,0.887499254718073,0.8593959884542677,0.9069712794649402,0.8926653736755902,1.0190406380314736,1.0206048532759087,1.0378077137556248,1.1335545213185705,1.1796778277749915,1.1996619050458217,1.1826203761832446,1.170997485331098,1.167721752061362,1.2120633963111176,1.254767173926005
1.0,0.9784089835425364,0.9318745691419932,0.9407979227832464,0.9379319515549381,0.9752350691297456,0.9677884430322605,0.954851329929628,0.9965391385289415,0.9798682143144589,0.950113204113841,0.8697785258619785,0.891810460969951,0.8587695570167304,0.8348829640931249,0.885511623105537,0.8574712965457872,0.9049400385628851,0.8906661720912491,1.0167584080737104,1.0183191201223374,1.0354834533028656,1.1310158275798115,1.177035836888094,1.1969751580833337,1.1799717952037847,1.168374934824525,1.1651065378437677,1.209348875132538,1.2519570139309297,1.2501478477220953
1.0,0.9524386885410072,0.9615589580717961,0.9586297420930842,0.9967560453080685,0.9891450909702179,0.9759224884387172,1.0185302417407913,1.0014914323115056,0.9710798041466827,0.8889723423355759,0.9114904666359082,0.8777204333379829,0.8533067236057613,0.9050526293200571,0.8763935235356602,0.924909780863171,0.9103209261901952,1.0391956995246732,1.0407908525484895,1.0583339592341836,1.1559744918579242,1.203010046602789,1.2233893782837442,1.2060107941072329,1.1941580202934938,1.1908174980418245,1.236036152033105,1.2795845448985503,1.2777354549583868,1.3047278761932353
1.0,1.0095757024998215,1.0065002121675262,1.0465304037942313,1.038539386178694,1.024656495142678,1.0693919241153742,1.0515022587392369,1.0195719848741454,0.9333643761335942,0.9570069733645264,0.92155058787303,0.8959177465931154,0.9502476539528876,0.9201574170387422,0.9710963991603424,0.9557790303380788,1.0910893394267347,1.0927641485698407,1.1111832939665565,1.2136996383764116,1.2630839770333349,1.2844809781486224,1.2662345709146485,1.2537899128423315,1.2502825771031811,1.297759285615042,1.3434823262573274,1.3415408995152067,1.3698812237372278,1.427110128089103
1.0,0.996953680318692,1.036604190456353,1.0286889666690224,1.014937753162556,1.0592488720434148,1.0415288879631317,1.009901468854264,0.9245115287763764,0.9479298788539292,0.9128097928577008,0.8874200759534163,0.9412346707631423,0.9114298360789886,0.9618856681631698,0.9467135827174362,1.0807404900148412,1.082399413797336,1.100643855844731,1.2021878452216674,1.2511037794449673,1.2722978326123586,1.2542244903272841,1.2418978683201352,1.2384237992330267,1.2854501969507048,1.3307395601248284,1.3288165475787526,1.3568880672794024,1.4135741624480658,1.421980368162054
1.0,1.0397716673506696,1.0318322575831063,1.018039025482222,1.0624855426631348,1.0447114129015407,1.0129873521620714,0.9273364921837107,0.9508264000298473,0.9155990001119276,0.8901317016751856,0.9441107338730739,0.9142148266985038,0.9648248330410775,0.9496063873447002,1.0840428310263774,1.0857068238630003,1.104007014140208,1.2058612841846061,1.2549266873111218,1.2761855016229526,1.2580569339253067,1.2456926463455582,1.2422079617953212,1.28937805469537,1.3348058053202998,1.332876916763049,1.361034212588143,1.4178935193821587,1.426325411334552,1.4420699175465432
1.0,0.9923642757185402,0.9790986400660232,1.0218450608202663,1.004750798378126,0.9742401951989667,0.891865513653163,0.9144569234633464,0.8805769851806666,0.8560838207327138,0.9079981341275252,0.8792457569342279,0.9279199110122358,0.9132835767340055,1.042577774588252,1.0441781190570167,1.0617783199971293,1.1597366249237504,1.2069252574545193,1.227370913918691,1.2099357709282714,1.1980444221177653,1.1946930280957335,1.240058846747282,1.2837489683878143,1.2818938605619148,1.3089741289604937,1.3636585453371128,1.3717679141698662,1.386910186946069,1.376633535469518
1.0,0.9866322922165736,1.0297076243301684,1.0124818304756258,0.9817364641563194,0.898727952502513,0.9214931914001201,0.8873525647052017,0.8626709381621482,0.914984705057094,0.8860110933533891,0.9350597695995835,0.920310816381137,1.0505998654912823,1.0522125237740543,1.0699481490588008,1.1686601919280306,1.2162119163153289,1.236814891416753,1.2192455941163283,1.207262747593668,1.2038855663467867,1.2496004512550531,1.2936267455398789,1.2917573636291322,1.3190460005351423,1.374151184906097,1.382322951092341,1.3975817357409912,1.3872260108040875,1.3932752872773555
1.0,1.0436589522291244,1.026199769116596,0.9950378392245249,0.9109046598134608,0.9339783409378264,0.8993751488831473,0.8743591153134335,0.9273816722555109,0.8980155021714034,0.9477287303245194,0.9327799461272057,1.0648342586993567,1.0664687666061972,1.0844446887655068,1.184494163780624,1.2326901581368075,1.2535722793322706,1.2357649387059533,1.2236197386986238,1.220196800615689,1.2665310684770856,1.3111538672970149,1.3092591574588166,1.3369175233173913,1.3927693181609953,1.4010518021732359,1.4165173254173309,1.4060212925805802,1.4121525296391988,1.4076448060396165
1.0,0.9832711796557317,0.9534128338565478,0.8727991628566812,0.8949076122453279,0.8617519611767762,0.8377824129672938,0.8885868992689041,0.860449192002191,0.9080827872939622,0.8937593493879442,1.0202894886543201,1.0218556208695895,1.0390795637303443,1.1349437105394378,1.1811235418466313,1.2011321099242216,1.1840696963950865,1.1724325615040487,1.1691528137707266,1.213548799415685,1.2563049111939826,1.2544894619668654,1.2809908068741265,1.3345061767411808,1.3424421830338016,1.3572607434563062,1.3472037868093742,1.3530785383702393,1.3487593845030161,1.350785524162681
1.0,0.9696336611740842,0.8876484747191212,0.9101330647753327,0.8764133221910333,0.85203596963009,0.9037048147592621,0.875088388437721,0.923532394808831,0.9089652660224132,1.0376481175941203,1.0392408950981022,1.0567578763918948,1.1542530016356327,1.2012185105030464,1.2215674930539189,1.204214789260537,1.1923796667309492,1.1890441192226102,1.2341954330854887,1.2776789731941975,1.2758326369395818,1.3027848607569623,1.357210710893027,1.3652817359132043,1.3803524109508811,1.370124350925311,1.3760990521902476,1.3717064146792661,1.3737670259344175,1.3765133171912833
1.0,0.9154472562805926,0.9386360036978244,0.9038602487560355,0.8787194625632111,0.9320064380448674,0.9024938216131205,0.9524549649922102,0.9374316326042038,1.0701444877003141,1.0717871467454356,1.0898527131497435,1.190401125552924,1.2388374688318335,1.2598237272154718,1.2419275830445173,1.2297218160590178,1.226281808103539,1.272847140631503,1.3176924691817273,1.315788310602517,1.3435846061485537,1.3997149286769228,1.4080387166634132,1.4235813650275677,1.4130329894553075,1.419194802420528,1.4146645992243407,1.4167897433253163,1.4196220410959408,1.4090920809838274
1.0,1.0253305116795546,0.987342790701417,0.9598799456053816,1.0180886246047136,0.9858501573098803,1.0404258229600007,1.0240149021942917,1.1689854116208147,1.1707797903071364,1.1905139325860778,1.3003492198878313,1.353259251510738,1.3761838473732066,1.3566347755417334,1.343301656782832,1.3395439220451089,1.3904101322046718,1.4393974749953733,1.4373174440966552,1.4676810672932241,1.5289957111935435,1.5380883027430658,1.5550665046629706,1.5435438576727794,1.5502747893817843,1.5453261665473095,1.547647593681856,1.5507414887710518,1.5392389581338461,1.5260989563636072
1.0,0.962950755346282,0.9361663723759075,0.9929370217775162,0.9614949970570924,1.0147223857170884,0.9987168922895822,1.1401059446733373,1.1418559937217971,1.1611026093780656,1.2682244457524035,1.319827349421228,1.3421855993721796,1.3231194820482637,1.3101157543653128,1.3064508534432018,1.35606042770257,1.4038375515008827,1.401808907200314,1.4314224053364724,1.4912222876201688,1.5000902491661763,1.5166490092211105,1.5054110260937807,1.5119756719639004,1.5071493035118697,1.5094133804198546,1.5124308416715715,1.501212477928193,1.4883970963311752,1.4904806749068078
1.0,0.9721850958403965,1.0311399791367846,0.9984882318424827,1.0537635284913287,1.0371422284522103,1.183971182683531,1.1857885643499804,1.2057756878341375,1.317019005085409,1.3706073151649498,1.393825792150215,1.374026111618203,1.3605220693701916,1.356716162472291,1.4082344503846655,1.4578497848480896,1.4557430890598515,1.4864959577519885,1.548596622766984,1.5578057765028035,1.5750016299387142,1.5633312687442953,1.5701484874168732,1.5651364258703873,1.5674876124657713,1.5706211696440213,1.5589711826835313,1.545662733081236,1.5478264767244752,1.550691094014865
1.0,1.0606416242633558,1.0270556873527759,1.0839124493884702,1.0668156021828972,1.2178454367890283,1.2197148150321482,1.2402737842754272,1.3546998516233413,1.409821361209144,1.4337041352658624,1.413337971850349,1.3994475693891406,1.395532772799289,1.4485250354175923,1.4995598997409694,1.4973929298941244,1.529025659940817,1.5929030689658061,1.6023757031125565,1.6200635420945417,1.608059283600607,1.615071547727825,1.6099160875506113,1.6123345432597596,1.6155577537282777,1.6035744523895348,1.5898852386181688,1.5921108884995514,1.5950574645195361,1.5834555834052861
1.0,0.9683343212803793,1.0219403279984194,1.0058209839952579,1.1482157676348548,1.1499782651649872,1.1693617862082593,1.2772456036356452,1.3292155700454455,1.3517328591187512,1.33253112033195,1.319434894289666,1.3157439241256668,1.3657063821379174,1.4138233550681683,1.4117802805769613,1.4416044260027663,1.501829677929263,1.5107607192254495,1.5274372653625765,1.5161193440031615,1.52273068563525,1.5178699861687412,1.5201501679509977,1.5231890930646117,1.5118909306461175,1.4989843904366724,1.501082789962458,1.5038608970559177,1.4929223473621815,1.474918000395179
1.0,1.0553589866020234,1.0387125209662216,1.1857637826124219,1.1875839158984154,1.2076013010280082,1.3190130470092274,1.3726824928480188,1.395936123932304,1.3761064655541817,1.3625819774156556,1.3587703081575435,1.4103665976974906,1.4600570526083816,1.4579471671625104,1.4887465974526297,1.5509412864179697,1.5601643833380265,1.577386272277248,1.5656982414900606,1.5725257818207048,1.5675061317270453,1.5698608781530952,1.5729991797157163,1.5613315540102108,1.5480029546558274,1.5501699743304072,1.553038928814832,1.5417426755959305,1.5231495651677096,1.4941702681635836
1.0,0.984226726784789,1.1235643962537025,1.1252890542223184,1.144256424930975,1.2498240539516323,1.3006782623490925,1.3227121213293014,1.3039226301420714,1.2911075707071098,1.287495843032923,1.3363856428024532,1.3834695787348898,1.381470367591898,1.4106542099442387,1.469586468782144,1.4783257670087626,1.4946442796266077,1.4835693459447337,1.4900387468001022,1.4852824030749956,1.4875136309850658,1.4904873125497868,1.479431713598503,1.4668022675772034,1.468855615965847,1.471574079086782,1.4608703722322334,1.4432525657187494,1.4157933813350245,1.4079202790388319
1.0,1.1415707028441437,1.1433230002789532,1.1625943431438417,1.269853804960652,1.3215230057794383,1.3439099806304342,1.324819367994248,1.3117989336916507,1.3081293242653904,1.357802634732421,1.4056411404863214,1.403609889872428,1.433261434133654,1.4931381446863348,1.50201749940084,1.51859753342527,1.5073451122295431,1.513918192069086,1.5090856229103067,1.511352608605116,1.514373946558857,1.5031411699532067,1.490309323715342,1.4923955791814492,1.4951576085461824,1.4842823634799214,1.4663822130023614,1.4384829661759448,1.4304836890968595,1.4500772032390001
1.0,1.0015349880917965,1.0184164154242212,1.1123742066933742,1.1576357053373532,1.17724638279712,1.160523272622145,1.1491175539310838,1.1459030272993846,1.1894161538567436,1.231322017098253,1.2295426699156102,1.2555170087693939,1.307968171367998,1.315746362147056,1.3302702405044122,1.320413276614491,1.3261712027973953,1.3219379396742796,1.3239237874970746,1.3265704373683558,1.3167306818651139,1.305490163686174,1.307317694351519,1.3097371935186333,1.300210630652955,1.2845303487107478,1.2600909979487602,1.2530837428929362,1.2702473877669023,1.2859345530637811
1.0,1.0168555542573592,1.110669342478746,1.1558614717424622,1.1754420931814902,1.1587446134390829,1.1473563755575562,1.144146775623535,1.1875932124177841,1.2294348492450222,1.2276582291530642,1.2535927588126543,1.3059635328966812,1.3137298025443125,1.3282314210898893,1.3183895643328911,1.3241386657136378,1.3199118906399268,1.321894694881822,1.324537288403516,1.3147126136590128,1.3034893230974358,1.3053140528243792,1.3077298437811424,1.2982178816640435,1.2825616318788189,1.2581597377337612,1.2511632222458953,1.2683005615081684,1.2839636840983912,1.2780736902151875
1.0,1.0922587164210378,1.136701733990747,1.155957784033497,1.139537084286617,1.1283376195899386,1.1251812224786841,1.1679074844461266,1.2090555478579417,1.2073083772942175,1.2328130121963994,1.2843156802644073,1.291953215030398,1.3062144525137964,1.2965357358899923,1.3021895392809226,1.298032827881733,1.299982764855174,1.302581554339708,1.2929197349167136,1.2818824833478084,1.2836769660738,1.286052712507646,1.2766984221393884,1.2613016927615772,1.2373042881716214,1.2304237480019058,1.2472770160895146,1.2626805043476497,1.2568881439100796,1.2429040205199606
1.0,1.040689093986207,1.0583186626527272,1.043284953605584,1.0330314628086643,1.0301416739117655,1.0692590197613294,1.1069314711624438,1.1053318770942462,1.1286822376990597,1.175834681798352,1.1828271046109768,1.1958837525177362,1.1870225582985516,1.192198807575331,1.1883931969295218,1.1901784305414176,1.192557710693147,1.1837119864359373,1.173607007273976,1.1752499172357034,1.177424993889365,1.1688608229400972,1.154764593588629,1.1327941535919703,1.1264947850758182,1.1419245251495171,1.1560269424857754,1.1507238395208024,1.1379208989904304,1.1692692299362326
1.0,1.016940283864216,1.0024943661218106,0.992641768591798,0.9898649653048239,1.0274528924538735,1.063652417959436,1.0621153651763895,1.0845527681815208,1.1298616355192979,1.1365806670273935,1.1491268232062266,1.1406120859322508,1.1455859530619161,1.141929135028749,1.1436445691792674,1.1459308237056944,1.1374309515456746,1.1277210591096392,1.1292997342117623,1.131389769233971,1.1231604421479495,1.1096153503112756,1.088503915471016,1.0824508410681477,1.0972773057278258,1.110828343610082,1.1057325825459778,1.0934302142360224,1.1235528811563869,1.1109740217268504
1.0,0.9857947236709778,0.9761062516079239,0.9733757045629955,1.0103374885983583,1.0459339991112566,1.0444225506934537,1.0664861893958884,1.111040297495147,1.1176474027644596,1.1299845639310522,1.121611665926047,1.1265026779240825,1.1229067754987487,1.1245936337909581,1.1268418036812686,1.1184835231657975,1.1089353790022687,1.1104877563907665,1.1125429754192295,1.1044507332132751,1.0911312767500059,1.070371518113993,1.064419276375798,1.0789987604368876,1.0923240638959704,1.087313188483757,1.07521575414552,1.1048366349369694,1.0924673152934021,1.1020973173983208
1.0,0.9901719173065003,0.9874020231496722,1.0248964255316626,1.0610058808352387,1.059472652485046,1.0818542276473397,1.1270503592855217,1.1337526727699239,1.1462676121080555,1.1377740608605653,1.1427355522142844,1.1390878329285254,1.140798998804853,1.143079564764811,1.1346008416444988,1.1249151089719067,1.1264898560781975,1.1285746907594079,1.1203658395537328,1.1068544500692474,1.0857955438512206,1.0797575304643874,1.0945471045116062,1.1080644252469625,1.1029813432503848,1.0907095851979705,1.1207573021112287,1.1082097408933058,1.1179785110780938,1.1237110650450628
1.0,0.9972026128913422,1.0350691709371247,1.0715370354285783,1.0699885888170408,1.0925923152721162,1.1382370471093168,1.1450058852951484,1.1576450433235594,1.1490671882066472,1.154077925500849,1.150394000293516,1.1521221505737038,1.1544253525935733,1.1458624727823818,1.136080603085512,1.137670980553068,1.1397765085374219,1.1314861792903503,1.117840680717497,1.0965727515327226,1.0904748070431858,1.105411176969178,1.1190626656643197,1.1139291308632064,1.1015355678486176,1.1318815273613811,1.119209423660384,1.1290751550692908,1.1348646082609777,1.1378327138548534
1.0,1.0379727826183591,1.074542948019066,1.0729901576517726,1.095657292858666,1.1414300688694066,1.148217895233204,1.1608925090629496,1.1522905910514825,1.1573153846384883,1.1536211251573063,1.1553541233041698,1.1576637863456565,1.1490768856491536,1.1392675755145683,1.1408624143637613,1.1429738488477215,1.134660263283566,1.1209764858882292,1.099648895176138,1.0935338445227347,1.1085121144679817,1.122201898789304,1.1170539632195922,1.1046256333552587,1.1350567203986197,1.1223490684759527,1.1322424755743372,1.138048169539479,1.1410246013653744,1.1437967977077572
1.0,1.035232297043913,1.0337363133405866,1.0555742031065534,1.099672446121438,1.1062119493506795,1.1184228801592628,1.1101356512882243,1.1149766198291626,1.1114175096645755,1.1130871084978817,1.1153122757471237,1.1070395148035834,1.0975890645616797,1.0991255584620014,1.1011597490682654,1.0931503044051947,1.0799671288687238,1.0594197782356072,1.0535284381582906,1.0679587490451168,1.081147711752587,1.076188106206162,1.064214449408551,1.0935322576911501,1.0812894974420704,1.0908209680779648,1.0964142688488159,1.0992818120789833,1.1019525914951736,1.0920796777703188
1.0,0.9985549294514883,1.019649605330829,1.0622470427763244,1.0685639855996065,1.0803593390129917,1.0723541512935757,1.0770303660472709,1.0735923838912367,1.0752051608863844,1.0773545985107666,1.0693633863285705,1.0602345654166947,1.0617187674694215,1.0636837280025044,1.0559468705977058,1.04321236108316,1.0233643031238122,1.0176734643679703,1.03161266519085,1.0443527649202837,1.0395619507613874,1.0279957961584043,1.0563158247803046,1.0444897251850362,1.053696809105342,1.059099751794459,1.061869703271394,1.0644495874421414,1.0549126808434517,1.053464815187496
1.0,1.0211252032884441,1.0637842861181634,1.0701103705797883,1.0819227937780438,1.0739060212567633,1.078589003249816,1.0751460457773385,1.0767611567217446,1.078913704930147,1.07091092817095,1.0617688963781766,1.0632552463114169,1.0652230504603206,1.0574749965710382,1.044722058160789,1.0248452768501697,1.0191462025298739,1.0331055756316987,1.0458641123467813,1.0410663651046461,1.0294834724045558,1.0578444846900357,1.0460012708151971,1.0552216788756363,1.0606324404970173,1.063406400541916,1.0659900182224822,1.0564393101768783,1.0549893492250546,1.0566464474557105
1.0,1.0417765448275484,1.0479717542311087,1.0595398001085532,1.0516888798732449,1.0562749795777389,1.0529032505660667,1.0544849478341438,1.0565929637772136,1.0487557497574,1.0398028497963256,1.0412584498818525,1.0431855437803936,1.0355977828825815,1.0231086793239,1.0036431120784652,0.9980619411290632,1.0117325204633798,1.0242271065082593,1.0195286158367096,1.0081853518933765,1.0359596269716391,1.0243614274201065,1.0333910821879506,1.038689905098164,1.0414064770091942,1.0439366443894977,1.034583522935981,1.0331635590107402,1.0347863749253012,1.036102171612783
1.0,1.0059467737436782,1.0170509264862986,1.0095148379898853,1.0139170293496966,1.0106805108962786,1.0121987801219876,1.0142222619843277,1.0066993300669933,0.9981054526126334,0.9995026813108162,1.0013524963293143,0.9940690141512165,0.9820807392944916,0.9633957656865892,0.9580384066856471,0.9711607786589762,0.9831543161473326,0.9786442408390739,0.967755855993348,0.9944163478389002,0.9832832506223061,0.991950804919508,0.9970371383914239,0.9996447723648688,1.00207347686284,0.9930954272993753,0.9917324057067978,0.9932901446697435,0.9945531762613211,0.9971423910240554
1.0,1.0110385092257872,1.0035469712109402,1.0079231384940543,1.0047057531035997,1.0062150469005853,1.0082265667097394,1.0007481074972928,0.9922050337694678,0.9935940025843712,0.9954328822018426,0.9881924571930798,0.9762750524459977,0.9577005372772026,0.9523748489398323,0.9654196464538136,0.9773422827218557,0.9728588692590596,0.9620348523926362,0.9885377375764456,0.9774704549853779,0.986086770006644,0.9911430350145698,0.9937352536502938,0.9961496005733748,0.9872246258154633,0.9858696618868004,0.9874181920909867,0.9886737571214078,0.9912476654337715,0.9929112890990798
1.0,0.9925902545288965,0.9969186428575125,0.993736384851417,0.9952292001924878,0.9972187582467053,0.9898219487837566,0.9813721482570023,0.9827459523230483,0.9845647550696216,0.9774033809550914,0.9656160903243834,0.9472443715428519,0.941976829022193,0.95487920355585,0.9666716685898199,0.9622372049943341,0.9515313646453724,0.9777448915703797,0.9667984414697375,0.975320683642159,0.9803217443948277,0.982885661211121,0.985273648316508,0.9764461163516318,0.9751059459067883,0.9766375692723237,0.9778794260551902,0.9804252324600666,0.9820706926973648,0.9760373384939383
1.0,1.0043607000057344,1.00115468625376,1.0026586455504178,1.004663055774213,0.9972110286873068,0.9886981498954787,0.9900822094908432,0.9919145897084352,0.98469975550887,0.9728244720503371,0.9543156072919871,0.9490087422521334,0.9620074337814802,0.9738879302705042,0.9694203631397039,0.9586346030537933,0.985043815521277,0.974015649517534,0.9826015107362362,0.9876399047058027,0.9902229613141008,0.9926287748857043,0.9837353448680322,0.9823851699708592,0.9839282269961998,0.9851793543140434,0.9877441653156229,0.9894019090117658,0.9833235154592419,0.9798542436674712
1.0,0.996807906012296,0.9983053354683165,1.0003010430102224,0.9928813708875839,0.9844054530308024,0.9857835033620794,0.9876079278119623,0.9804244187404465,0.9686006949941219,0.9501721914114505,0.944888367542373,0.957830621783576,0.9696595359266286,0.9652113659307548,0.954472435100577,0.9807669849244927,0.9697867006464639,0.978335284057437,0.9833518024950236,0.9859236440737348,0.9883190121636948,0.9794641953457712,0.978119882593226,0.9796562400247063,0.98090193523942,0.9834556104295832,0.985106156589079,0.9790541540042613,0.9755999449817947,0.9738533764828314
